profile,year,csi300,csi500,csi800,nav,sse_composite,szse_component,universe_equal_weight
institution,2019,0.0681083392432526,0.074331049110784,0.0695923902853639,0.0319098568500271,0.0401055750875529,0.1183881388843328,0.0690086627551005
institution,2020,0.2721074652514992,0.2087169635094135,0.2578829644761149,0.0895886402749233,0.1386666754094911,0.3873069773372439,0.2046886409810553
institution,2021,-0.051987127947207,0.1558462159441249,-0.0075568248329127,0.1081203736675666,0.0480007601344067,0.0267209281111862,0.1419530797775499
institution,2022,-0.2163279268556798,-0.2031320488083264,-0.2131610381148876,-0.1296556000141172,-0.1512508997796562,-0.2585494721467823,-0.1527337486650287
institution,2023,-0.1137815338759136,-0.0742164253547204,-0.1037314285170415,-0.0039624416580972,-0.0370088629639456,-0.1353759398837504,-0.0430514955790563
institution,2024,0.1468329491039359,0.0546117957795126,0.1220289216375984,0.2463626831897234,0.1266685266544105,0.0934329621226517,0.1013296267666137
institution,2025,0.1766317399889707,0.3038634375005455,0.2088761540609263,0.137607667483357,0.1841062605914505,0.2986583271001024,0.2525150990363116
institution,2026,-0.0176870542598821,0.0250643956188199,-0.0060322909591966,0.0035350599440948,-0.0097559992340339,-0.0005951932048892,0.0061404779762277
personal,2019,0.0681083392432531,0.0743310491107844,0.0695923902853636,0.0899057281424502,0.0401055750875527,0.1183881388843324,0.0690086627551009
personal,2020,0.2721074652514996,0.2087169635094123,0.2578829644761145,0.1832673385001653,0.1386666754094927,0.3873069773372437,0.2046886409810548
personal,2021,-0.0519871279472069,0.1558462159441271,-0.0075568248329124,0.0993581338148477,0.0480007601344054,0.0267209281111886,0.1419530797775496
personal,2022,-0.2163279268556811,-0.2031320488083263,-0.2131610381148867,-0.1686778380554774,-0.1512508997796569,-0.2585494721467833,-0.1527337486650295
personal,2023,-0.1137815338759145,-0.0742164253547196,-0.1037314285170413,-0.1662131821830975,-0.0370088629639469,-0.135375939883752,-0.0430514955790561
personal,2024,0.1468329491039364,0.0546117957795126,0.1220289216376009,0.2634923916174376,0.1266685266544092,0.0934329621226519,0.1013296267666157
personal,2025,0.1766317399889698,0.3038634375005467,0.2088761540609236,0.2665797340523164,0.184106260591448,0.2986583271001015,0.252515099036311
personal,2026,-0.0176870542598824,0.0250643956188205,-0.0060322909591964,-0.0180952979423516,-0.0097559992340326,-0.0005951932048912,0.0061404779762281
