profile,scenario,removed_group,total_return,annualized_return,sharpe_ratio,max_drawdown,average_turnover
institution,full_model,none,0.5368363339383495,0.0649062083620513,0.4482982758518469,-0.2183942291333532,0.457010413068502
personal,full_model,none,0.5442225661026527,0.0656536631089406,0.4150165109660378,-0.4416042912616956,0.4449337050189547
institution,remove_momentum,momentum,0.4905177964227645,0.0601477952624371,0.4241538491121958,-0.2432275914216987,0.449192173427648
personal,remove_momentum,momentum,0.5377780382227859,0.0650016751083863,0.3954709401373607,-0.2635877920719864,0.4468925384251159
institution,remove_trend,trend,0.5727985827861262,0.0685169863959143,0.4625496618603913,-0.2760932068182792,0.4433100930387159
personal,remove_trend,trend,0.0050060477417512,0.0007310318267483,0.1165885697504074,-0.3524450219881968,0.4261303163661492
institution,remove_reversal,reversal,0.6862037980713793,0.0794594948606559,0.5209298058844419,-0.2677641903948343,0.4396019635494554
personal,remove_reversal,reversal,0.1687512001059188,0.0230822426485821,0.2135970522893127,-0.4299608182338114,0.4431782053594741
institution,remove_risk,risk,0.8515136520153546,0.0943349781735252,0.576127217623395,-0.3030290923689159,0.4705589337304527
personal,remove_risk,risk,1.071409712068037,0.1124559685955945,0.5624263006959718,-0.5529075664886913,0.5478887330887893
institution,remove_price_volume,price_volume,0.3358607248056324,0.0432876714353829,0.3269533708069779,-0.2976717212856754,0.4472986691671521
personal,remove_price_volume,price_volume,0.2172587986125689,0.0291888246432949,0.2402712733201535,-0.5593865896420291,0.4482051554452904
