date,institution,csi300_nav,csi500_nav,personal
2019-08-31,97.722771,99.067363,99.659202,96.963665
2019-09-30,98.037154,99.456896,100.768886,99.519451
2019-10-31,98.900076,101.339900,100.290015,98.171258
2019-11-30,97.839121,99.825570,99.831539,99.109349
2019-12-31,103.190986,106.810834,107.433105,108.990573
2020-01-31,99.338187,104.394372,109.678169,101.158249
2020-02-29,96.562902,102.729600,111.178210,101.218754
2020-03-31,94.242766,96.109883,102.819587,107.373303
2020-04-30,95.379043,102.013370,109.191140,107.717401
2020-05-31,95.843450,100.825477,110.261462,111.975681
2020-06-30,101.417520,108.567644,119.603932,120.763178
2020-07-31,113.574583,122.414845,134.191344,134.189836
2020-08-31,116.653474,125.574131,136.001591,133.404504
2020-09-30,110.269459,119.608068,126.295073,125.357193
2020-10-31,110.011067,122.422146,124.642682,130.297795
2020-11-30,115.713769,129.329450,128.914586,133.478719
2020-12-31,112.435726,135.874859,129.856216,128.964985
2021-01-31,112.606916,139.542572,129.428536,136.191478
2021-02-28,116.523283,139.146260,129.799927,144.141727
2021-03-31,116.405186,131.626757,127.550783,150.287792
2021-04-30,116.183838,133.585635,132.275045,144.946612
2021-05-31,121.222531,139.010940,137.236703,150.487666
2021-06-30,119.231984,136.207292,138.851770,142.725890
2021-07-31,114.760536,125.442462,138.018437,133.795863
2021-08-31,119.971114,125.297495,147.971529,143.120566
2021-09-30,120.226627,126.881962,144.877019,139.379049
2021-10-31,117.690500,127.987203,143.222793,138.355817
2021-11-30,117.621204,125.986348,147.918910,135.322337
2021-12-31,124.592318,128.811116,150.093816,141.778705
2022-01-31,115.343072,118.991959,134.208884,131.179615
2022-02-28,116.406152,119.458147,139.772190,131.826277
2022-03-31,110.086392,110.096575,128.996574,121.121004
2022-04-30,103.251504,104.716115,114.780144,112.278084
2022-05-31,107.901042,106.678904,122.904226,117.107797
2022-06-30,113.137593,116.938436,131.629956,121.173591
2022-07-31,109.050559,108.727734,128.367393,120.900301
2022-08-31,108.449284,106.348296,125.545562,122.423507
2022-09-30,102.352457,99.205550,116.537363,111.315028
2022-10-31,102.127903,91.482938,118.435104,121.096422
2022-11-30,110.576518,100.460974,125.553720,122.915944
2022-12-31,108.438227,100.945674,119.604952,117.863780
2023-01-31,114.686854,108.382525,128.266234,133.475188
2023-02-28,115.514282,106.103730,129.661038,132.008387
2023-03-31,117.383496,105.620594,129.299641,123.278614
2023-04-30,119.324288,105.051156,127.289117,111.437439
2023-05-31,117.619592,99.039986,123.343939,107.100335
2023-06-30,116.488670,100.184859,122.343164,105.886143
2023-07-31,124.008358,104.674137,124.168706,111.347271
2023-08-31,116.582768,98.172531,117.054169,108.270483
2023-09-30,116.695965,96.197489,116.062367,108.418482
2023-10-31,112.631913,93.146667,112.747593,103.734483
2023-11-30,111.404895,91.157023,113.090431,100.872194
2023-12-31,108.008547,89.459920,110.728300,98.273266
2024-01-31,102.235456,83.834373,95.794175,88.927509
2024-02-29,113.728490,91.675358,109.046949,100.448182
2024-03-31,112.035150,92.233324,107.810410,97.510621
2024-04-30,114.077958,93.977880,110.971202,103.339396
2024-05-31,115.415520,93.339869,108.266846,108.931129
2024-06-30,108.180562,90.256456,100.807228,102.700490
2024-07-31,110.182148,89.745943,99.657571,105.495010
2024-08-31,103.803385,86.600215,94.613926,102.594308
2024-09-30,130.627749,104.758093,117.132077,119.487366
2024-10-31,133.928214,101.451754,120.355890,127.972494
2024-11-30,137.163080,102.117663,119.349404,127.705139
2024-12-31,134.617822,102.595584,116.775371,124.167524
2025-01-31,130.056955,99.523382,113.993718,119.933401
2025-02-28,130.960684,101.425942,119.511136,120.328363
2025-03-31,131.982689,101.354501,119.468306,122.044195
2025-04-30,126.629363,98.310719,114.860091,118.880397
2025-05-31,130.384558,100.126976,115.660589,121.262698
2025-06-30,134.127134,102.626090,120.643457,125.817538
2025-07-31,143.170173,106.263558,126.985234,137.737305
2025-08-31,154.376888,117.244796,143.660059,149.964426
2025-09-30,153.092151,120.997507,151.174131,155.937569
2025-10-31,156.476365,120.996986,149.514603,159.737515
2025-11-30,153.220562,118.024384,143.407367,154.796455
2025-12-31,153.142266,120.717221,152.259137,157.268069
2026-01-31,156.443117,122.709211,170.715451,156.302250
2026-02-28,157.234907,122.821587,176.587739,157.404467
2026-03-31,151.207048,116.026918,155.354258,154.917510
2026-04-30,154.848653,125.341819,170.286955,156.718866
2026-05-31,150.686970,127.553085,170.491924,154.603410
2026-06-30,143.929149,129.829534,184.193588,140.345228
2026-07-31,156.028429,119.628927,152.838758,154.668253
2026-08-31,152.549392,120.590766,162.181840,154.110190
2026-09-30,153.683633,118.582089,156.075420,154.422257
